chave,encontrada_em,titulo,instituicao,classificacao_instituicao,natureza,area,departamento,cidade,estado,pais,modalidade,titulacao_exigida,regime,remuneracao_ou_bolsa,data_publicacao,prazo_inscricao,status,link_oficial,link_edital_pdf,fonte,trecho_comprovacao,confianca,observacoes
8b57c22976486dcb9b53aed5433decb81d60afc9dba5753e7b115febffea4e75,2026-07-07 21:04:17,Oportunidades abertas,ver oportunidade (FAPESP),agência/fundação,não informado,,,,SP,Brasil,não informado,não informado,não informado,não informado,,,sem prazo identificado,https://fapesp.br/oportunidades/Control/../,,FAPESP Oportunidades,Oportunidades abertas,alto,
d6b2fb4324ff8ee2f8bd844bf0bfd5506a0ef124cad435c5e9aaa5aee5c5f048,2026-07-07 21:04:17,Oportunidades encerradas,ver oportunidade (FAPESP),agência/fundação,não informado,,,,SP,Brasil,não informado,não informado,não informado,não informado,,,sem prazo identificado,https://fapesp.br/oportunidades/Control/../encerradas/,,FAPESP Oportunidades,Oportunidades encerradas,alto,
a248930b4e09be9a04f8a93cb3cb4192210516fa2560a8f5127efdfcc528ecd5,2026-07-07 21:04:17,"Bolsa de PD em Comunicação para Coleções Científicas Instituição: Departamento de Biodiversidade, Instituto de Biociências – UNESP, câmpus Rio Claro Cidade: Rio Claro Inscrições até: 07/07/2026 Vaga de Pós-Doutorado vinculado ao Centro de Pesquisa em Biodiversidade e Mudanças do Clima (CBioClima), um Centro de Pesquisa, Inovação e Difusão (CEPID) apoiado pela FAPESP. O(A) candidato(a) será responsável pelo mapeamento, análise e construção de estratégias comunicacionais assertivas em prol do letramento científico no...",ver oportunidade (FAPESP),agência/fundação,pós-doutorado,,,,SP,Brasil,não informado,doutorado,não informado,não informado,,,sem prazo identificado,https://fapesp.br/oportunidades/Control/../centro-de-pesquisa-em-biodiversidade-e-mudancas-do-clima/9557/,,FAPESP Oportunidades,"Bolsa de PD em Comunicação para Coleções Científicas Instituição: Departamento de Biodiversidade, Instituto de Biociências – UNESP, câmpus Rio Claro Cidade: Rio Claro Inscrições até: 07/07/2026 Vaga de Pós-Doutorado vinculado ao Centro de Pesquisa em Biodiversidade e Mudanças do Clima (CBioClima), um Centro de Pesquisa, Inovação e Difusão (CEPID) apoiado pela FAPESP. O(A) candidato(a) será responsável pelo mapeamento, análise e construção de estratégias comunicacionais assertivas em prol do letramento científico no...",alto,
233dd0a8409faef7a5b82136fa174fb75b61d8a5fd7f4fca731585778baa3b23,2026-07-07 21:04:17,"Bolsa de PD em Física Computacional de Materiais Instituição: Escola Politécnica, Universidade de São Paulo (Poli-USP) Cidade: São Paulo Inscrições até: 07/07/2026 O bolsista será responsável por:

i) Interfacear o banco de dados ab initio com os códigos MAGEMin e BurnMan para o sistema NCMASF3 do manto inferior;

ii) Treinar um emulador de redes neurais (MDN) sobre 106 avaliações termodinâmicas;

iii) Implementar inversão Bayesiana global via MCMC aplicada ao modelo...",ver oportunidade (FAPESP),agência/fundação,bolsa,,,,SP,Brasil,não informado,não informado,não informado,não informado,,,sem prazo identificado,https://fapesp.br/oportunidades/Control/../o-campo-arqueomagnetico-e-paleomagnetico-recente-no-hemisferio-sul-–-sharp/9559/,,FAPESP Oportunidades,"Bolsa de PD em Física Computacional de Materiais Instituição: Escola Politécnica, Universidade de São Paulo (Poli-USP) Cidade: São Paulo Inscrições até: 07/07/2026 O bolsista será responsável por:

i) Interfacear o banco de dados ab initio com os códigos MAGEMin e BurnMan para o sistema NCMASF3 do manto inferior;

ii) Treinar um emulador de redes neurais (MDN) sobre 106 avaliações termodinâmicas;

iii) Implementar inversão Bayesiana global via MCMC aplicada ao modelo...",alto,
fb735147b47f2693db3c42449d971b3e25bcad7cd0ddb33369c0d39b16ea65b3,2026-07-07 21:04:17,"Bolsa de PD em Segurança Alimentar e Nutricional Instituição: Instituto de Saúde e Sociedade, Universidade Federal de São Paulo (ISS-Unifesp) Cidade: Santos Inscrições até: 08/07/2026 O bolsista será responsável pela construção de estudo qualitativo em Cozinha Solidária da Cidade de São Paulo, para o diagnóstico de condições estruturais, dos processos de trabalho e das práticas de cuidado que organizam o funcionamento cotidiano da cozinha. O bolsista trabalhará orientando a delimitação...",ver oportunidade (FAPESP),agência/fundação,bolsa,,,,SP,Brasil,não informado,não informado,não informado,não informado,,,sem prazo identificado,https://fapesp.br/oportunidades/Control/../provisao-de-um-modelo-estrutural-em-rede-para-a-garantia-do-direito-a-alimentacao-adequada-e-saudavel-em-cozinhas-solidarias:-uma-porta-de-entrada-para-a-seguranca-alimentar-e-nutricional-em-territorios-vulnerabilizados/9561/,,FAPESP Oportunidades,"Bolsa de PD em Segurança Alimentar e Nutricional Instituição: Instituto de Saúde e Sociedade, Universidade Federal de São Paulo (ISS-Unifesp) Cidade: Santos Inscrições até: 08/07/2026 O bolsista será responsável pela construção de estudo qualitativo em Cozinha Solidária da Cidade de São Paulo, para o diagnóstico de condições estruturais, dos processos de trabalho e das práticas de cuidado que organizam o funcionamento cotidiano da cozinha. O bolsista trabalhará orientando a delimitação...",alto,
60188f3453351190312efbfadc166db41ec32dfc2c9af9f5c62edf204006ad75,2026-07-07 21:04:17,"Bolsas de TT-I em Química Instituição: ADB Pesquisa e Desenvolvimento Cidade: Araras Inscrições até: 08/07/2026 - Preparo de soluções-padrão de analitos para averiguação dos eletrodos;

- Limpeza das vidrarias;

- Preparo de diluições de ácidos ou bases;

- Limpeza e preparo das superfícies dos laminados poliméricos para a produção dos eletrodos impressos;

- O bolsista será responsável também pela fabricação dos eletrodos destinados a...",ver oportunidade (FAPESP),agência/fundação,bolsa,,,,SP,Brasil,não informado,não informado,não informado,não informado,,,sem prazo identificado,https://fapesp.br/oportunidades/Control/../desenvolvimento-de-tintas-condutoras-de-alto-desempenho-e-eletrodos-impressos-a-base-de-grafeno/9569/,,FAPESP Oportunidades,"Bolsas de TT-I em Química Instituição: ADB Pesquisa e Desenvolvimento Cidade: Araras Inscrições até: 08/07/2026 - Preparo de soluções-padrão de analitos para averiguação dos eletrodos;

- Limpeza das vidrarias;

- Preparo de diluições de ácidos ou bases;

- Limpeza e preparo das superfícies dos laminados poliméricos para a produção dos eletrodos impressos;

- O bolsista será responsável também pela fabricação dos eletrodos destinados a...",alto,
f8d9f39ab041b7f587c7bc2af097d4297ab1ab285bb18342e4cac503e1ab51b9,2026-07-07 21:04:17,"Bolsa de TT-III em Conservação da Biodiversidade Instituição: Departamento de Ciências Florestais – Escola Superior de Agricultura Luiz de Queiroz, Universidade de São Paulo (ESALQ-USP) Cidade: Piracicaba Inscrições até: 08/07/2026 O(A) bolsista de Treinamento Técnico nível três (TT-III) será responsável pelo apoio técnico ao projeto nos territórios, fomentando o engajamento de atores locais em atividades planejadas. Será responsável pela organização da logística das atividades e pela participação na realização de entrevistas, oficinas, exposições, reuniões, eventos...",ver oportunidade (FAPESP),agência/fundação,bolsa,,,,SP,Brasil,não informado,não informado,não informado,não informado,,,sem prazo identificado,https://fapesp.br/oportunidades/Control/../transdisciplinaridade-para-a-coexistencia-humano-fauna-em-paisagens-compartilhada-e-poupada/9570/,,FAPESP Oportunidades,"Bolsa de TT-III em Conservação da Biodiversidade Instituição: Departamento de Ciências Florestais – Escola Superior de Agricultura Luiz de Queiroz, Universidade de São Paulo (ESALQ-USP) Cidade: Piracicaba Inscrições até: 08/07/2026 O(A) bolsista de Treinamento Técnico nível três (TT-III) será responsável pelo apoio técnico ao projeto nos territórios, fomentando o engajamento de atores locais em atividades planejadas. Será responsável pela organização da logística das atividades e pela participação na realização de entrevistas, oficinas, exposições, reuniões, eventos...",alto,
a48fece706418638b91e260486c4d7d63d5ecdb018da48fa1f9d44bd9680583f,2026-07-07 21:04:17,"Bolsas de TT-III em Química Analítica Instituição: ADB Pesquisa e Desenvolvimento Cidade: Araras Inscrições até: 08/07/2026 O bolsista será responsável pelo (i) preparo das tintas condutoras, (ii) preparo dos eletrodos impressos, (iii) caracterizações das tintas condutoras e (iv) elaboração do relatório técnico-científico.
...",ver oportunidade (FAPESP),agência/fundação,bolsa,,,,SP,Brasil,não informado,não informado,não informado,não informado,,,sem prazo identificado,https://fapesp.br/oportunidades/Control/../desenvolvimento-de-tintas-condutoras-de-alto-desempenho-e-eletrodos-impressos-a-base-de-grafeno/9572/,,FAPESP Oportunidades,"Bolsas de TT-III em Química Analítica Instituição: ADB Pesquisa e Desenvolvimento Cidade: Araras Inscrições até: 08/07/2026 O bolsista será responsável pelo (i) preparo das tintas condutoras, (ii) preparo dos eletrodos impressos, (iii) caracterizações das tintas condutoras e (iv) elaboração do relatório técnico-científico.
...",alto,
2979afbad3f22744989e05393d916d117b0a31680dfabb9412f7810c471ec0a6,2026-07-07 21:04:17,"Bolsa de PD em Eletroanalítica Instituição: Centro de Ciências Agrárias, Universidade Federal de São Carlos (CCA-UFSCar) Cidade: Araras Inscrições até: 09/07/2026 O Departamento de Ciências da Natureza, Matemática e Educação do Centro de Ciências Agrárias da UFSCar (câmpus Araras) está oferecendo uma bolsa de Pós-Doutorado vinculada ao projeto “Sistemas multiplexados de aptassensores eletroquímicos para a detecção de doenças negligenciáveis”, sob coordenação do Prof. Dr. Bruno Campos...",ver oportunidade (FAPESP),agência/fundação,pós-doutorado,,,,SP,Brasil,não informado,doutorado,não informado,não informado,,,sem prazo identificado,https://fapesp.br/oportunidades/Control/../sistemas-multiplexados-de-aptassensores-eletroquimicos-para-a-deteccao-de-doencas-negligenciaveis/9571/,,FAPESP Oportunidades,"Bolsa de PD em Eletroanalítica Instituição: Centro de Ciências Agrárias, Universidade Federal de São Carlos (CCA-UFSCar) Cidade: Araras Inscrições até: 09/07/2026 O Departamento de Ciências da Natureza, Matemática e Educação do Centro de Ciências Agrárias da UFSCar (câmpus Araras) está oferecendo uma bolsa de Pós-Doutorado vinculada ao projeto “Sistemas multiplexados de aptassensores eletroquímicos para a detecção de doenças negligenciáveis”, sob coordenação do Prof. Dr. Bruno Campos...",alto,
71daf8384577bfe51cdb2a982129d9975371238b1108b0eaa7a90504be6a4976,2026-07-07 21:04:17,"Bolsa de TT-III em Ciência da Computação Instituição: Departamento de Ciências Ambientais, Universidade Federal de São Carlos (DCA-UFSCar) Cidade: São Carlos Inscrições até: 10/07/2026 O bolsista de Treinamento Técnico nível três (TT-III) atuará na estruturação e manutenção de banco de dados integrando informações socioambientais, econômicas e culturais dos territórios, a partir de fontes secundárias (bases institucionais/públicas) e primárias (questionários e entrevistas). Atividades: organização e atualização de banco de dados...",ver oportunidade (FAPESP),agência/fundação,bolsa,,,,SP,Brasil,não informado,não informado,não informado,não informado,,,sem prazo identificado,https://fapesp.br/oportunidades/Control/../fomentando-o-empoderamento-comunitario-para-a-sociobiodiversidade-e-resiliencia-climatica-na-amazonia:-experiencias-nos-vales-do-guapore-(ro)-e-jari-(ap)/9482/,,FAPESP Oportunidades,"Bolsa de TT-III em Ciência da Computação Instituição: Departamento de Ciências Ambientais, Universidade Federal de São Carlos (DCA-UFSCar) Cidade: São Carlos Inscrições até: 10/07/2026 O bolsista de Treinamento Técnico nível três (TT-III) atuará na estruturação e manutenção de banco de dados integrando informações socioambientais, econômicas e culturais dos territórios, a partir de fontes secundárias (bases institucionais/públicas) e primárias (questionários e entrevistas). Atividades: organização e atualização de banco de dados...",alto,
18687d481294efe7f31e77b614751d61ee7d2430add8fc2e0f770b8edd840f10,2026-07-07 21:04:17,"Bolsa de PD em Ecologia Microbiana e Digestão Anaeróbia Instituição: Núcleo Interdisciplinar de Planejamento Energético, Universidade Estadual de Campinas (NIPE-Unicamp) Cidade: Paulínia Inscrições até: 10/07/2026 O candidato investigará os perfis taxonômicos e funcionais do microbioma de reatores de digestão anaeróbia, visando à compreensão dos processos de degradação que são considerados os gargalos para remoção dos poluentes específicos e produção dos produtos de interesse, incluindo biogás. Para isso, serão empregadas abordagens...",ver oportunidade (FAPESP),agência/fundação,bolsa,,,,SP,Brasil,não informado,não informado,não informado,não informado,,,sem prazo identificado,https://fapesp.br/oportunidades/Control/../centro-paulista-de-estudos-em-biogas-e-bioprodutos-–-cp2b/9510/,,FAPESP Oportunidades,"Bolsa de PD em Ecologia Microbiana e Digestão Anaeróbia Instituição: Núcleo Interdisciplinar de Planejamento Energético, Universidade Estadual de Campinas (NIPE-Unicamp) Cidade: Paulínia Inscrições até: 10/07/2026 O candidato investigará os perfis taxonômicos e funcionais do microbioma de reatores de digestão anaeróbia, visando à compreensão dos processos de degradação que são considerados os gargalos para remoção dos poluentes específicos e produção dos produtos de interesse, incluindo biogás. Para isso, serão empregadas abordagens...",alto,
ad3bdd4da7f927b74a0c2b184cdc05c7677f502b78ffe38be686324bddb2aa0f,2026-07-07 21:04:17,"Bolsa de TT-V em Primeira Infância / Neurociências / Computação Instituição: Instituto de Ensino e Pesquisa (Insper) Cidade: São Paulo Inscrições até: 10/07/2026 A bolsa de Treinamento Técnico nível cinco (TT-V) tem como objetivo apoiar o desenvolvimento, implementação e manutenção de rotinas computacionais para processamento, organização, controle de qualidade e análise de dados de eletroencefalografia (EEG) obtidos em estudo longitudinal com crianças. A(O) bolsista atuará em colaboração com...",ver oportunidade (FAPESP),agência/fundação,bolsa,,,,SP,Brasil,não informado,não informado,não informado,não informado,,,sem prazo identificado,https://fapesp.br/oportunidades/Control/../centro-brasileiro-de-pesquisa-aplicada-a-primeira-infancia-(cpapi)/9523/,,FAPESP Oportunidades,"Bolsa de TT-V em Primeira Infância / Neurociências / Computação Instituição: Instituto de Ensino e Pesquisa (Insper) Cidade: São Paulo Inscrições até: 10/07/2026 A bolsa de Treinamento Técnico nível cinco (TT-V) tem como objetivo apoiar o desenvolvimento, implementação e manutenção de rotinas computacionais para processamento, organização, controle de qualidade e análise de dados de eletroencefalografia (EEG) obtidos em estudo longitudinal com crianças. A(O) bolsista atuará em colaboração com...",alto,
90c94ea137dfbecf0d9740a2d3863f6fd31731370b6b40e8e1fa8f9188b30486,2026-07-07 21:04:17,"Bolsa de JC-IV em Meio Ambiente / Tratamento de Água / Políticas Públicas Instituição: Centro de Energia Nuclear na Agricultura, Universidade de São Paulo (CENA-USP) Cidade: Piracicaba Inscrições até: 10/07/2026 A vaga destina-se a pesquisador(a) com experiência em políticas públicas voltadas ao tratamento de água, com atuação em atividades de pesquisa, extensão e divulgação científica. A bolsa de Jornalismo Científico nível quatro (JC-IV) é essencial para fortalecer a comunicação entre ciência e sociedade, promovendo a...",ver oportunidade (FAPESP),agência/fundação,bolsa,,,,SP,Brasil,não informado,não informado,não informado,não informado,,,sem prazo identificado,https://fapesp.br/oportunidades/Control/../analise-de-substancias-humicas-e-integracao-impulsionada-por-algoritmos-para-dosagem-Ótima-de-produtos-quimicos-em-estacoes-de-tratamento-de-Água:-avancando-nos-objetivos-de-desenvolvimento-sustentavel/9525/,,FAPESP Oportunidades,"Bolsa de JC-IV em Meio Ambiente / Tratamento de Água / Políticas Públicas Instituição: Centro de Energia Nuclear na Agricultura, Universidade de São Paulo (CENA-USP) Cidade: Piracicaba Inscrições até: 10/07/2026 A vaga destina-se a pesquisador(a) com experiência em políticas públicas voltadas ao tratamento de água, com atuação em atividades de pesquisa, extensão e divulgação científica. A bolsa de Jornalismo Científico nível quatro (JC-IV) é essencial para fortalecer a comunicação entre ciência e sociedade, promovendo a...",alto,
302b9de2bee311806e14ff3314fb9917a6970c4463adafda47d3840159755620,2026-07-07 21:04:17,"Bolsa de PD em Gestão de Dados Instituição: Instituto de Ciências Biomédicas, Universidade de São Paulo (ICB-USP) Cidade: São Paulo Inscrições até: 10/07/2026 O bolsista será responsável pela análise de bioinformática, estatística aplicada, biologia de sistemas e gestão de dados, com foco na integração e análise de grandes volumes de dados biológicos. O projeto inclui o desenvolvimento de uma plataforma computacional para processamento e integração de dados experimentais...",ver oportunidade (FAPESP),agência/fundação,bolsa,,,,SP,Brasil,não informado,não informado,não informado,não informado,,,sem prazo identificado,https://fapesp.br/oportunidades/Control/../centro-multiprofissional-de-estudos-paralimpico-e-paradesportivo-(cmepp):-saude-formacao-alto-desempenho-e-tecnologia/9541/,,FAPESP Oportunidades,"Bolsa de PD em Gestão de Dados Instituição: Instituto de Ciências Biomédicas, Universidade de São Paulo (ICB-USP) Cidade: São Paulo Inscrições até: 10/07/2026 O bolsista será responsável pela análise de bioinformática, estatística aplicada, biologia de sistemas e gestão de dados, com foco na integração e análise de grandes volumes de dados biológicos. O projeto inclui o desenvolvimento de uma plataforma computacional para processamento e integração de dados experimentais...",alto,
4cb7148d8d05823c38b723a9bccfbdd768af3004b662831b8590ae41fe7c5579,2026-07-07 21:04:17,"Bolsa de Mestrado em Nutrição / Educação em Saúde Instituição: Centro de Engenharia, Modelagem e Ciências Sociais Aplicadas, Universidade Federal do ABC (CECS-UFABC) Cidade: Santo André Inscrições até: 10/07/2026 O objetivo da pesquisa é investigar desafios e estratégias para adoção de tecnologias digitais na promoção da alimentação saudável e no monitoramento nutricional de adolescentes no contexto das ações integradas entre os setores saúde e educação. As principais atividades são: revisão da literatura sobre saúde...",ver oportunidade (FAPESP),agência/fundação,bolsa,,,,SP,Brasil,não informado,mestrado,não informado,não informado,,,sem prazo identificado,https://fapesp.br/oportunidades/Control/../como-a-nutricao-integrada-a-tecnologias-digitais-pode-promover-saude-populacional-uma-perspectiva-a-partir-do-contexto-escolar/9585/,,FAPESP Oportunidades,"Bolsa de Mestrado em Nutrição / Educação em Saúde Instituição: Centro de Engenharia, Modelagem e Ciências Sociais Aplicadas, Universidade Federal do ABC (CECS-UFABC) Cidade: Santo André Inscrições até: 10/07/2026 O objetivo da pesquisa é investigar desafios e estratégias para adoção de tecnologias digitais na promoção da alimentação saudável e no monitoramento nutricional de adolescentes no contexto das ações integradas entre os setores saúde e educação. As principais atividades são: revisão da literatura sobre saúde...",alto,
87e840010a3372a155b74a2a539fdb6fef601d62a99806efb1ac768caadaf1b9,2026-07-07 21:04:17,"Bolsa de PD em Antropologia Forense Instituição: Escola de Filosofia Letras e Ciências Humanas, Universidade Federal de São Paulo (EFLCH-Unifesp) Cidade: São Paulo Inscrições até: 12/07/2026 O bolsista será responsável por 1) atuar na geração dos dados do projeto “Fazer falar os ossos”: gravação, download dos arquivos, elaboração de metadados, organização do corpus de práticas forenses; 2) atuar na construção de um programa de atividades que permita construir uma interface entre,...",ver oportunidade (FAPESP),agência/fundação,bolsa,,,,SP,Brasil,não informado,não informado,não informado,não informado,,,sem prazo identificado,https://fapesp.br/oportunidades/Control/../fazendo-os-ossos-falarem:-uma-perspectiva-interacional-multimodal-sobre-linguagem-corpo-materialidades-e-conhecimento-no-trabalho-em-um-laboratorio-forense/9581/,,FAPESP Oportunidades,"Bolsa de PD em Antropologia Forense Instituição: Escola de Filosofia Letras e Ciências Humanas, Universidade Federal de São Paulo (EFLCH-Unifesp) Cidade: São Paulo Inscrições até: 12/07/2026 O bolsista será responsável por 1) atuar na geração dos dados do projeto “Fazer falar os ossos”: gravação, download dos arquivos, elaboração de metadados, organização do corpus de práticas forenses; 2) atuar na construção de um programa de atividades que permita construir uma interface entre,...",alto,
56e808ddf1066bed12d01fd9e7fabc55ab183a6eb0211ab186b4cd88f8b21309,2026-07-07 21:04:17,"Bolsa de TT-IV em Bioeletroquímica Instituição: Faculdade de Ciências – UNESP, câmpus de Bauru Cidade: Bauru Inscrições até: 13/07/2026 Perfil esperado: busca-se candidato(a) com perfil experimental, interesse em pesquisa científica e capacidade de atuar em atividades laboratoriais relacionadas à eletroquímica, bioeletrocatálise e espectroeletroquímica.

O(A) bolsista de Treinamentoo Técnico nível quatro (TT-IV) participará das seguintes atividades:

• Instalação e operação da plataforma de espectroeletroquímica de fluorescência;
• Preparação...",ver oportunidade (FAPESP),agência/fundação,bolsa,,,,SP,Brasil,não informado,não informado,não informado,não informado,,,sem prazo identificado,https://fapesp.br/oportunidades/Control/../elucidacao-de-mecanismos-de-bioeletrocatalise-molecular-por-espectroeletroquimica-de-fluorescencia-in-situ/9549/,,FAPESP Oportunidades,"Bolsa de TT-IV em Bioeletroquímica Instituição: Faculdade de Ciências – UNESP, câmpus de Bauru Cidade: Bauru Inscrições até: 13/07/2026 Perfil esperado: busca-se candidato(a) com perfil experimental, interesse em pesquisa científica e capacidade de atuar em atividades laboratoriais relacionadas à eletroquímica, bioeletrocatálise e espectroeletroquímica.

O(A) bolsista de Treinamentoo Técnico nível quatro (TT-IV) participará das seguintes atividades:

• Instalação e operação da plataforma de espectroeletroquímica de fluorescência;
• Preparação...",alto,
83020f79bffea041865cf185b2df51651ffe88c2fbe41c1d7f40b77e9a33a311,2026-07-07 21:04:17,"Bolsa de TT-IV em Terapia Celular em Imuno-Oncologia Instituição: ImmunoX Biotecnologia Ltda Cidade: São Paulo Inscrições até: 13/07/2026 Nosso grupo de pesquisa, associado ao Laboratório de Investigação Médica em Patogênese e Terapia dirigida em Onco-Imuno-Hematologia (LIM 31) do Hospital das Clínicas (HCFMUSP), busca desenvolver estratégias baseadas em CAR-Macrófagos para remodelar o microambiente tumoral e ativar células imunes, incluindo células natural killers (NK). Buscamos um(a) candidato(a)...",ver oportunidade (FAPESP),agência/fundação,bolsa,,,,SP,Brasil,não informado,não informado,não informado,não informado,,,sem prazo identificado,https://fapesp.br/oportunidades/Control/../desenvolvimento-escalonavel-de-car-macrofagos-derivados-de-celulas-cd34-provenientes-de-sangue-de-cordao-umbilical/9558/,,FAPESP Oportunidades,"Bolsa de TT-IV em Terapia Celular em Imuno-Oncologia Instituição: ImmunoX Biotecnologia Ltda Cidade: São Paulo Inscrições até: 13/07/2026 Nosso grupo de pesquisa, associado ao Laboratório de Investigação Médica em Patogênese e Terapia dirigida em Onco-Imuno-Hematologia (LIM 31) do Hospital das Clínicas (HCFMUSP), busca desenvolver estratégias baseadas em CAR-Macrófagos para remodelar o microambiente tumoral e ativar células imunes, incluindo células natural killers (NK). Buscamos um(a) candidato(a)...",alto,
5be7d802aeb0bc850306a20239948d0d7f7a7a51ec71893e9afa266e027f9ae0,2026-07-07 21:04:17,"Bolsa de Mestrado em Neurociência Molecular Instituição: Instituto de Química, Universidade de São Paulo (IQ-USP) Cidade: São Paulo Inscrições até: 15/07/2026 O(A) bolsista selecionado(a) realizará experimentos visando aperfeiçoar a expressão de receptores olfatórios humanos em células heterólogas.
...",ver oportunidade (FAPESP),agência/fundação,bolsa,,,,SP,Brasil,não informado,mestrado,não informado,não informado,,,sem prazo identificado,https://fapesp.br/oportunidades/Control/../bases-moleculares-da-diversidade-neuronal-no-olfato-e-suas-implicacoes-funcionais/9517/,,FAPESP Oportunidades,"Bolsa de Mestrado em Neurociência Molecular Instituição: Instituto de Química, Universidade de São Paulo (IQ-USP) Cidade: São Paulo Inscrições até: 15/07/2026 O(A) bolsista selecionado(a) realizará experimentos visando aperfeiçoar a expressão de receptores olfatórios humanos em células heterólogas.
...",alto,
44be4acf7ae74ddd6e75fe4d7cb807bb0504a15de8526b53d9da453a676f85fa,2026-07-07 21:04:17,"Bolsa de TT-V em Genética Molecular de Leishmania Instituição: Faculdade de Medicina de Ribeirão Preto, Universidade de São Paulo (FMRP-USP) Cidade: Ribeirão Preto Inscrições até: 15/07/2026 O bolsista atuará em duas frentes do projeto. Na linha de regulação da expressão gênica, realizará análises de sequenciamento de RNA (RNA-seq) e de interações RNA-proteína, incluindo controle de qualidade, mapeamento, expressão diferencial, enriquecimento funcional e interpretação dos resultados. Na linha de variabilidade genômica, conduzirá...",ver oportunidade (FAPESP),agência/fundação,bolsa,,,,SP,Brasil,não informado,não informado,não informado,não informado,,,sem prazo identificado,https://fapesp.br/oportunidades/Control/../da-epigenetica-variabilidade-genomica-e-regulacao-da-expressao-genica-em-<i>leishmania<-i>/9528/,,FAPESP Oportunidades,"Bolsa de TT-V em Genética Molecular de Leishmania Instituição: Faculdade de Medicina de Ribeirão Preto, Universidade de São Paulo (FMRP-USP) Cidade: Ribeirão Preto Inscrições até: 15/07/2026 O bolsista atuará em duas frentes do projeto. Na linha de regulação da expressão gênica, realizará análises de sequenciamento de RNA (RNA-seq) e de interações RNA-proteína, incluindo controle de qualidade, mapeamento, expressão diferencial, enriquecimento funcional e interpretação dos resultados. Na linha de variabilidade genômica, conduzirá...",alto,
c729145580fa9b48aec4e68fca5079f34a1db13d3d41796699546f2a0c300405,2026-07-07 21:04:17,"Bolsa de TT-V em TI / Bioinformática / Genética de Populações Instituição: Instituto de Biociências, Universidade de São Paulo (IB-USP) Cidade: São Paulo Inscrições até: 15/07/2026 Profissional de TI para configurar e manter a infraestrutura de pesquisa (servidor, storage e workstations). O foco inclui documentação de códigos, gestão de acessos e instalação de softwares. O profissional deverá desenvolver scripts/pipelines para análise de dados de sequenciamento de nova geração – NGS (processar...",ver oportunidade (FAPESP),agência/fundação,bolsa,,,,SP,Brasil,não informado,não informado,não informado,não informado,,,sem prazo identificado,https://fapesp.br/oportunidades/Control/../genomica-populacional-humana:-uma-perspectiva-a-partir-de-populacoes-miscigenadas-/9532/,,FAPESP Oportunidades,"Bolsa de TT-V em TI / Bioinformática / Genética de Populações Instituição: Instituto de Biociências, Universidade de São Paulo (IB-USP) Cidade: São Paulo Inscrições até: 15/07/2026 Profissional de TI para configurar e manter a infraestrutura de pesquisa (servidor, storage e workstations). O foco inclui documentação de códigos, gestão de acessos e instalação de softwares. O profissional deverá desenvolver scripts/pipelines para análise de dados de sequenciamento de nova geração – NGS (processar...",alto,
41c9670af772dd3491585a41d00132ac9b672668f3397c3dc774ab41131109d6,2026-07-07 21:04:17,"Bolsa de PD em Química Medicinal Instituição: Faculdade de Ciências Farmacêuticas, Universidade de São Paulo (FCF-USP) Cidade: São Carlos Inscrições até: 15/07/2026 O(A) bolsista atuará no desenho, síntese e otimização de moléculas bioativas, desenvolvendo rotas sintéticas e estudos de relação estrutura–atividade (SAR). Será responsável por analisar resultados de modelagem molecular, docagem e dinâmica molecular, propor novos análogos, avaliar sua viabilidade sintética e realizar sua caracterização estrutural. Também...",ver oportunidade (FAPESP),agência/fundação,bolsa,,,,SP,Brasil,não informado,não informado,não informado,não informado,,,sem prazo identificado,https://fapesp.br/oportunidades/Control/../dissecar-vias-de-sinalizacao-na-relacao-<i>plasmodium<-i>-hospedeiro-para-busca-de-novos-farmacos/9535/,,FAPESP Oportunidades,"Bolsa de PD em Química Medicinal Instituição: Faculdade de Ciências Farmacêuticas, Universidade de São Paulo (FCF-USP) Cidade: São Carlos Inscrições até: 15/07/2026 O(A) bolsista atuará no desenho, síntese e otimização de moléculas bioativas, desenvolvendo rotas sintéticas e estudos de relação estrutura–atividade (SAR). Será responsável por analisar resultados de modelagem molecular, docagem e dinâmica molecular, propor novos análogos, avaliar sua viabilidade sintética e realizar sua caracterização estrutural. Também...",alto,
1ebf702d488dff1bc1053c7d88c0bcbe285652ffd6d111701c90455c67ebdc57,2026-07-07 21:04:17,"Bolsa de PD em Reciclagem / Construção Civil Instituição: Escola Politécnica, Universidade de São Paulo (Poli-USP) Cidade: São Paulo Inscrições até: 15/07/2026 O objetivo do projeto é caracterizar finos de resíduos de concreto obtidos por processos de captura de carbono e avaliá-los como adições cimentícias suplementares, não apenas no estado fresco e endurecido, mas também quanto a aspectos relacionados à durabilidade. O projeto de Pós-Doutorado tem por...",ver oportunidade (FAPESP),agência/fundação,pós-doutorado,,,,SP,Brasil,não informado,doutorado,não informado,não informado,,,sem prazo identificado,https://fapesp.br/oportunidades/Control/../finos-de-residuos-cimenticios-como-adicao-cimenticia-suplementar-para-concretos-de-baixo-teor-de-clinquer/9552/,,FAPESP Oportunidades,"Bolsa de PD em Reciclagem / Construção Civil Instituição: Escola Politécnica, Universidade de São Paulo (Poli-USP) Cidade: São Paulo Inscrições até: 15/07/2026 O objetivo do projeto é caracterizar finos de resíduos de concreto obtidos por processos de captura de carbono e avaliá-los como adições cimentícias suplementares, não apenas no estado fresco e endurecido, mas também quanto a aspectos relacionados à durabilidade. O projeto de Pós-Doutorado tem por...",alto,
b723438f6c7819b22fa1cf66f1df20ef8e8d7c12701d15c9238b52fbe8fca19e,2026-07-07 21:04:17,"Bolsa de PD em Genômica Vegetal, Bioinformática e Biologia Computacional Instituição: Escola Superior de Agricultura Luiz de Queiroz, Universidade de São Paulo (ESALQ-USP) Cidade: São Paulo Inscrições até: 15/07/2026 O CPA Citros anuncia a oportunidade de pós-doutorado com Bolsa da FAPESP em bioinformática aplicada à interação citrus x Liberibacter (agente causal do Huanglongbing – HLB) sob a supervisão dos Profs. Luis Camargo (ESALQ-USP) e Alessandro Varani (UNESP). As atividades serão conduzidas no núcleo computacional da...",ver oportunidade (FAPESP),agência/fundação,pós-doutorado,,,,SP,Brasil,não informado,doutorado,não informado,não informado,,,sem prazo identificado,https://fapesp.br/oportunidades/Control/../centro-de-pesquisa-aplicada-em-inovacao-e-sustentabilidade-da-citricultura-(cpa-citros)/9563/,,FAPESP Oportunidades,"Bolsa de PD em Genômica Vegetal, Bioinformática e Biologia Computacional Instituição: Escola Superior de Agricultura Luiz de Queiroz, Universidade de São Paulo (ESALQ-USP) Cidade: São Paulo Inscrições até: 15/07/2026 O CPA Citros anuncia a oportunidade de pós-doutorado com Bolsa da FAPESP em bioinformática aplicada à interação citrus x Liberibacter (agente causal do Huanglongbing – HLB) sob a supervisão dos Profs. Luis Camargo (ESALQ-USP) e Alessandro Varani (UNESP). As atividades serão conduzidas no núcleo computacional da...",alto,
5ddf1c202432ca7712a7be2ae57c37aedd8985985e8f13e4e0adc37655c79a94,2026-07-07 21:04:17,"Bolsa de PD em Química Heterocíclica Medicinal Instituição: Faculdade de Ciências Farmacêuticas de Ribeirão Preto, Universidade de São Paulo (FCFRP-USP) Cidade: Ribeirão Preto Inscrições até: 15/07/2026 O bolsista será responsável pela síntese, otimização e funcionalização vetorial de novos sistemas heterocíclicos.
...",ver oportunidade (FAPESP),agência/fundação,bolsa,,,,SP,Brasil,não informado,não informado,não informado,não informado,,,sem prazo identificado,https://fapesp.br/oportunidades/Control/../novos-sistemas-de-aneis-nitrogenados-para-estudos-de-quimica-medicinal-e-quimica-de-materiais/9573/,,FAPESP Oportunidades,"Bolsa de PD em Química Heterocíclica Medicinal Instituição: Faculdade de Ciências Farmacêuticas de Ribeirão Preto, Universidade de São Paulo (FCFRP-USP) Cidade: Ribeirão Preto Inscrições até: 15/07/2026 O bolsista será responsável pela síntese, otimização e funcionalização vetorial de novos sistemas heterocíclicos.
...",alto,
a2af462d0efe5c7d708346123b8403d79757f612c11bb2c7ddd08ceef9311254,2026-07-07 21:04:17,"Bolsa de PD em Microbiologia / Biologia Molecular / Expressão de Proteínas / Análise Proteômica Instituição: Centro de Ciências Biológicas e da Saúde, Universidade Federal de São Carlos (CCBS-UFSCar) Cidade: São Carlos Inscrições até: 15/07/2026 - O candidato irá trabalhar em um ambiente científico altamente dinâmico e inclusivo e deverá atuar com dedicação exclusiva nas atividades do projeto.

- O candidato desenvolverá ensaios visando à dissecção de vias de sinalização celular ligadas à integridade da parede celular do fungo e à susceptibilidade a...",ver oportunidade (FAPESP),agência/fundação,bolsa,,,,SP,Brasil,não informado,não informado,não informado,não informado,,,sem prazo identificado,https://fapesp.br/oportunidades/Control/../mapeamento-funcional-genomico-da-via-cwi-visando-a-identificacao-de-alvos-dependentes-e-independentes-de-pkca-no-patogeno-fungico-humano-aspergillus-fumigatus/9575/,,FAPESP Oportunidades,"Bolsa de PD em Microbiologia / Biologia Molecular / Expressão de Proteínas / Análise Proteômica Instituição: Centro de Ciências Biológicas e da Saúde, Universidade Federal de São Carlos (CCBS-UFSCar) Cidade: São Carlos Inscrições até: 15/07/2026 - O candidato irá trabalhar em um ambiente científico altamente dinâmico e inclusivo e deverá atuar com dedicação exclusiva nas atividades do projeto.

- O candidato desenvolverá ensaios visando à dissecção de vias de sinalização celular ligadas à integridade da parede celular do fungo e à susceptibilidade a...",alto,
ed5ffd2983b5ff79377e47ea10c625055f1e0ad13dcac6e0f596376d5ae033b6,2026-07-07 21:04:17,"Bolsa de PD em Pesquisa de Implementação Instituição: Faculdade de Medicina de Ribeirão Preto, Universidade de São Paulo (FMRP-USP) Cidade: Ribeirão Preto Inscrições até: 15/07/2026 Título do projeto de pós-doc: “Abordagem RE-AIM para análise de pesquisa de implementação em Doenças Raras”. O projeto de pós-doutorado tem como objetivo principal fornecer subsídios para as decisões de políticas públicas no âmbito das doenças raras, por meio do aprimoramento do entendimento e da...",ver oportunidade (FAPESP),agência/fundação,pós-doutorado,,,,SP,Brasil,não informado,doutorado,não informado,não informado,,,sem prazo identificado,https://fapesp.br/oportunidades/Control/../promocao-da-atencao-integral-as-pessoas-com-doencas-raras:-fortalecimento-da-rede-de-atencao-registro-e-conscientizacao-no-hospital-das-clinicas-de-ribeirao-preto/9577/,,FAPESP Oportunidades,"Bolsa de PD em Pesquisa de Implementação Instituição: Faculdade de Medicina de Ribeirão Preto, Universidade de São Paulo (FMRP-USP) Cidade: Ribeirão Preto Inscrições até: 15/07/2026 Título do projeto de pós-doc: “Abordagem RE-AIM para análise de pesquisa de implementação em Doenças Raras”. O projeto de pós-doutorado tem como objetivo principal fornecer subsídios para as decisões de políticas públicas no âmbito das doenças raras, por meio do aprimoramento do entendimento e da...",alto,
3def832eb2d80001ce29706d7f357d1fef92c53821d5d51fcdefb9cc7f5e90ba,2026-07-07 21:04:17,"Bolsa de PD em Manejo de Florestas Tropicais / Sequestro e Retenção de Carbono Instituição: Escola Superior de Agricultura Luiz de Queiroz, Universidade de São Paulo (ESALQ-USP) Cidade: Piracicaba Inscrições até: 15/07/2026 O bolsista será responsável por análise de dados de longo prazo e publicação de artigos e para colaborar com uma equipe de pesquisadores do projeto “Indo além do primeiro ciclo de colheita nas florestas tropicais amazônicas”, que tem como objetivo gerar informações críticas e inéditas...",ver oportunidade (FAPESP),agência/fundação,bolsa,,,,SP,Brasil,não informado,não informado,não informado,não informado,,,sem prazo identificado,https://fapesp.br/oportunidades/Control/../indo-alem-do-primeiro-ciclo-de-colheita-nas-florestas-tropicais-amazonicas/9578/,,FAPESP Oportunidades,"Bolsa de PD em Manejo de Florestas Tropicais / Sequestro e Retenção de Carbono Instituição: Escola Superior de Agricultura Luiz de Queiroz, Universidade de São Paulo (ESALQ-USP) Cidade: Piracicaba Inscrições até: 15/07/2026 O bolsista será responsável por análise de dados de longo prazo e publicação de artigos e para colaborar com uma equipe de pesquisadores do projeto “Indo além do primeiro ciclo de colheita nas florestas tropicais amazônicas”, que tem como objetivo gerar informações críticas e inéditas...",alto,
e5cfb2a46a260a5997f6696006f07d0e1fc3d3dae420136b2d1f46a3b0fab98a,2026-07-07 21:04:17,"Bolsa de PD em Recuperação Avançada de Petróleo Instituição: Faculdade de Engenharia Mecânica, Universidade Estadual de Campinas (FEM-Unicamp) Cidade: São Paulo Inscrições até: 15/07/2026 Otimização da Recuperação Avançada de Petróleo (EOL) em carbonatos através de injeção de LS-WAG-CO2 (Água de Baixa Salinidade Alternada com Dióxido de Carbono) usando modelos de proxy.

O bolsista trabalhará sob supervisão de Marcio Sampaio, professor da Escola Politécnica (Poli-USP) e pesquisador principal do Centro de Inovação em Produção...",ver oportunidade (FAPESP),agência/fundação,bolsa,,,,SP,Brasil,não informado,não informado,não informado,não informado,,,sem prazo identificado,https://fapesp.br/oportunidades/Control/../centro-de-inovacao-em-producao-de-energia/9586/,,FAPESP Oportunidades,"Bolsa de PD em Recuperação Avançada de Petróleo Instituição: Faculdade de Engenharia Mecânica, Universidade Estadual de Campinas (FEM-Unicamp) Cidade: São Paulo Inscrições até: 15/07/2026 Otimização da Recuperação Avançada de Petróleo (EOL) em carbonatos através de injeção de LS-WAG-CO2 (Água de Baixa Salinidade Alternada com Dióxido de Carbono) usando modelos de proxy.

O bolsista trabalhará sob supervisão de Marcio Sampaio, professor da Escola Politécnica (Poli-USP) e pesquisador principal do Centro de Inovação em Produção...",alto,
ad7391f207558fffcc87c1006fa8423d5cd2d0c99a66a929415ce2b8481b2cb1,2026-07-07 21:04:17,"Bolsa de JC-II em Saúde Pública – Controle do Câncer Instituição: Fundação Oncocentro de São Paulo Cidade: São Paulo Inscrições até: 15/07/2026 O bolsista de Jornalismo Científico nível dois (JC-II) atuará no planejamento e execução de ações de comunicação e divulgação junto à comunidade científica, aos profissionais de saúde e campanhas direcionadas à população. Também será responsável pela atualização do site do projeto, em colaboração com membros...",ver oportunidade (FAPESP),agência/fundação,bolsa,,,,SP,Brasil,não informado,não informado,não informado,não informado,,,sem prazo identificado,https://fapesp.br/oportunidades/Control/../controle-do-cancer-no-estado-de-sao-paulo-(conecta-sp):-do-conhecimento-a-acao/9587/,,FAPESP Oportunidades,"Bolsa de JC-II em Saúde Pública – Controle do Câncer Instituição: Fundação Oncocentro de São Paulo Cidade: São Paulo Inscrições até: 15/07/2026 O bolsista de Jornalismo Científico nível dois (JC-II) atuará no planejamento e execução de ações de comunicação e divulgação junto à comunidade científica, aos profissionais de saúde e campanhas direcionadas à população. Também será responsável pela atualização do site do projeto, em colaboração com membros...",alto,
24ef8279aa3ace789124aa1d6e87f8d5da9ba7e067de0a8c0ff48330a5a08dc9,2026-07-07 21:04:17,"Bolsa de Mestrado em Química Inorgânica / Eletroanalítica Instituição: Instituto de Ciências Ambientais, Químicas e Farmacêuticas, Universidade Federal de São Paulo (ICAQF-Unifesp) Cidade: Diadema Inscrições até: 17/07/2026 O bolsista avaliará a interação entre íons metálicos e poluentes ambientais utilizando técnicas eletroquímicas e espectroscópicas, assim como os efeitos toxicológicos da mistura de poluentes ambientais por meio do modelo zebrafish.
...",ver oportunidade (FAPESP),agência/fundação,bolsa,,,,SP,Brasil,não informado,mestrado,não informado,não informado,,,sem prazo identificado,https://fapesp.br/oportunidades/Control/../compreendendo-as-interacoes-quimicas-e-os-efeitos-biologicos-de-misturas-de-compostos-per-e-polifluoroalquil-e-ions-metalicos-no-zebrafish-(<i>danio-rerio<-i>)/9540/,,FAPESP Oportunidades,"Bolsa de Mestrado em Química Inorgânica / Eletroanalítica Instituição: Instituto de Ciências Ambientais, Químicas e Farmacêuticas, Universidade Federal de São Paulo (ICAQF-Unifesp) Cidade: Diadema Inscrições até: 17/07/2026 O bolsista avaliará a interação entre íons metálicos e poluentes ambientais utilizando técnicas eletroquímicas e espectroscópicas, assim como os efeitos toxicológicos da mistura de poluentes ambientais por meio do modelo zebrafish.
...",alto,
9a277a98b77052b3ba2cc171744dc725d892d7dab55fa787ccf19db13c7cf3f6,2026-07-07 21:04:17,"Bolsa de PD em Visão Computacional / Robótica / Inteligência Artificial Instituição: Embrapa Agricultura Digital Cidade: Campinas Inscrições até: 17/07/2026 O bolsista atuará no desenvolvimento de sistemas de visão computacional e SLAM (Simultaneous Localization and Mapping) aplicados a ambientes agrícolas, no contexto do CCD Semear Digital. As atividades incluem integração de sensores multimodais para reconstrução tridimensional georreferenciada, produção e anotação de bases de dados para...",ver oportunidade (FAPESP),agência/fundação,bolsa,Inteligência Artificial,,,SP,Brasil,não informado,não informado,não informado,não informado,,,sem prazo identificado,https://fapesp.br/oportunidades/Control/../centro-de-ciencia-para-o-desenvolvimento-em-agricultura-digital-–-ccd-ad-semear/9553/,,FAPESP Oportunidades,"Bolsa de PD em Visão Computacional / Robótica / Inteligência Artificial Instituição: Embrapa Agricultura Digital Cidade: Campinas Inscrições até: 17/07/2026 O bolsista atuará no desenvolvimento de sistemas de visão computacional e SLAM (Simultaneous Localization and Mapping) aplicados a ambientes agrícolas, no contexto do CCD Semear Digital. As atividades incluem integração de sensores multimodais para reconstrução tridimensional georreferenciada, produção e anotação de bases de dados para...",alto,
73d0e5b87fa45409f53cb2bd50e1ab22357973bc0f8d40b81b42b8beedf225d2,2026-07-07 21:04:17,"Bolsa de TT-II em Oncologia / Pesquisa Clínica Instituição: Instituto do Câncer do Estado de São Paulo (ICESP)  / Hospital das Clínicas da FM-USP Cidade: São Paulo Inscrições até: 17/07/2026 O(A) bolsista de Treinamento Técnico nível dois (TT-II) atuará no projeto FAPESP “Aspectos diagnósticos e prognósticos da função renal em pacientes com câncer” (modalidade Jovem Pesquisador – JP, processo 2023/16190-5), no ICESP/HCFMUSP. As atividades incluem separação, conferência, catalogação e organização de amostras biológicas congeladas, além do download,...",ver oportunidade (FAPESP),agência/fundação,bolsa,,,,SP,Brasil,não informado,não informado,não informado,não informado,,,sem prazo identificado,https://fapesp.br/oportunidades/Control/../aspectos-diagnosticos-e-prognosticos-da-funcao-renal-em-pacientes-com-cancer/9556/,,FAPESP Oportunidades,"Bolsa de TT-II em Oncologia / Pesquisa Clínica Instituição: Instituto do Câncer do Estado de São Paulo (ICESP)  / Hospital das Clínicas da FM-USP Cidade: São Paulo Inscrições até: 17/07/2026 O(A) bolsista de Treinamento Técnico nível dois (TT-II) atuará no projeto FAPESP “Aspectos diagnósticos e prognósticos da função renal em pacientes com câncer” (modalidade Jovem Pesquisador – JP, processo 2023/16190-5), no ICESP/HCFMUSP. As atividades incluem separação, conferência, catalogação e organização de amostras biológicas congeladas, além do download,...",alto,
2b7ce52a662308ca2aa36522eacc8beeda6b77f5e6cb0819da4517bec5ec6ddc,2026-07-07 21:04:17,"Bolsa de Mestrado em Materiais Quânticos Instituição: Instituto de Física, Universidade de São Paulo (IF-USP) Cidade: São Paulo Inscrições até: 17/07/2026 1) O(A) bolsista será responsável pela elaboração de novos materiais quânticos em duas dimensões, suas medidas de propriedades físicas e interpretação com métodos de estado da arte.

2) O(A) bolsista também terá a oportunidade de realizar estágio na Europa/EUA apoiado pelo programa Bolsas de Estágio de Pesquisa...",ver oportunidade (FAPESP),agência/fundação,bolsa,,,,SP,Brasil,não informado,mestrado,não informado,não informado,,,sem prazo identificado,https://fapesp.br/oportunidades/Control/../um-estudo-de-estados-quanticos-topologicos-e-exoticos-sob-condicoes-extremas/9579/,,FAPESP Oportunidades,"Bolsa de Mestrado em Materiais Quânticos Instituição: Instituto de Física, Universidade de São Paulo (IF-USP) Cidade: São Paulo Inscrições até: 17/07/2026 1) O(A) bolsista será responsável pela elaboração de novos materiais quânticos em duas dimensões, suas medidas de propriedades físicas e interpretação com métodos de estado da arte.

2) O(A) bolsista também terá a oportunidade de realizar estágio na Europa/EUA apoiado pelo programa Bolsas de Estágio de Pesquisa...",alto,
6991e0d47812d0ebf8846043526da06fd430aefcf8ce6289588f53e94607b64e,2026-07-07 21:04:17,"Bolsa de PD em Sistema de Produção / Ecofisiologia Instituição: Escola Superior de Agricultura Luiz de Queiroz, Universidade de São Paulo (ESALQ-USP) Cidade: Piracicaba Inscrições até: 18/07/2026 O bolsista será responsável pela integração e padronização de bancos de dados agronômicos, climáticos e de manejo, pela aplicação de métodos estatísticos para identificar fatores determinantes das lacunas de produtividade, pela estimativa de fronteiras produtivas e respostas ao manejo, além da elaboração de recomendações agronômicas...",ver oportunidade (FAPESP),agência/fundação,bolsa,,,,SP,Brasil,não informado,não informado,não informado,não informado,,,sem prazo identificado,https://fapesp.br/oportunidades/Control/../potencial-e-lacunas-de-produtividade-dos-principais-sistemas-producao-em-ambiente-subtropical-brasileiro/9593/,,FAPESP Oportunidades,"Bolsa de PD em Sistema de Produção / Ecofisiologia Instituição: Escola Superior de Agricultura Luiz de Queiroz, Universidade de São Paulo (ESALQ-USP) Cidade: Piracicaba Inscrições até: 18/07/2026 O bolsista será responsável pela integração e padronização de bancos de dados agronômicos, climáticos e de manejo, pela aplicação de métodos estatísticos para identificar fatores determinantes das lacunas de produtividade, pela estimativa de fronteiras produtivas e respostas ao manejo, além da elaboração de recomendações agronômicas...",alto,
5b3856b50be3c3d6c4ece1687e870210bcabac7b25dd844ba970205bca4cbbc0,2026-07-07 21:04:17,"Bolsa de TT-IV em Educação Instituição: Instituto de Estudos Avançados, Universidade de São Paulo (IEA-USP) Cidade: São Paulo Inscrições até: 19/07/2026 O bolsista de Treinamento Técnico nível quatro (TT-IV) deverá desenvolver as seguintes tarefas: captação de som e imagens (entrevistas e eventos relacionados ao Projeto Temático); edição de vídeos e áudios. Gestão dos equipamentos. Gestão de dados; gestão e alimentação de redes sociais e do canal do inCEPTE...",ver oportunidade (FAPESP),agência/fundação,bolsa,,,,SP,Brasil,não informado,não informado,não informado,não informado,,,sem prazo identificado,https://fapesp.br/oportunidades/Control/../estudo-de-implementacao-de-inovacoes-curriculares-estrategias-pedagogicas-e-tecnologias-emergentes-para-qualidade-equidade-na-educacao-basica/9590/,,FAPESP Oportunidades,"Bolsa de TT-IV em Educação Instituição: Instituto de Estudos Avançados, Universidade de São Paulo (IEA-USP) Cidade: São Paulo Inscrições até: 19/07/2026 O bolsista de Treinamento Técnico nível quatro (TT-IV) deverá desenvolver as seguintes tarefas: captação de som e imagens (entrevistas e eventos relacionados ao Projeto Temático); edição de vídeos e áudios. Gestão dos equipamentos. Gestão de dados; gestão e alimentação de redes sociais e do canal do inCEPTE...",alto,
09b4d952d8cba9ad8575cac070c6a1b8f6ee23c7be886335feab3e039efb9a17,2026-07-07 21:04:17,"Bolsa de PD em Dispostivos Semicondutores Instituição: Centro Universitário FEI Cidade: São Bernardo do Campo Inscrições até: 20/07/2026 Início da bolsa: 01/08/2025 O grupo de pesquisa em Nanoeletrônica do Centro Universitário FEI, coordenado pelo Prof. Dr. Salvador Pinillos Gimenez, está com vaga de Pós-Doutorado aberta. O projeto estuda, por meio de simulações numéricas 3D e dados experimentais, o desempenho elétrico dos MOSFETs com geometrias não convencionais da...",ver oportunidade (FAPESP),agência/fundação,pós-doutorado,,,,SP,Brasil,não informado,doutorado,não informado,não informado,,,sem prazo identificado,https://fapesp.br/oportunidades/Control/../mosfets-implementados-com-os-estilos-de-leiaute-de-porta-da-segunda-geracao-para-potencializar-o-desempenho-eletrico-em-ambientes-extremos-de-temperatura-das-radiacoes-ionizantes-e-dos-campos-magneticos-externos/8335/,,FAPESP Oportunidades,"Bolsa de PD em Dispostivos Semicondutores Instituição: Centro Universitário FEI Cidade: São Bernardo do Campo Inscrições até: 20/07/2026 Início da bolsa: 01/08/2025 O grupo de pesquisa em Nanoeletrônica do Centro Universitário FEI, coordenado pelo Prof. Dr. Salvador Pinillos Gimenez, está com vaga de Pós-Doutorado aberta. O projeto estuda, por meio de simulações numéricas 3D e dados experimentais, o desempenho elétrico dos MOSFETs com geometrias não convencionais da...",alto,
10c56170675f77a267acef60cd75a566e6300d20cd14768b72bc082ca9442d4f,2026-07-07 21:04:17,"Bolsas de PD em Ciência Política / Economia da Inovação / Diplomacia da Ciência / Comunicação Científica Instituição: Instituto de Geociências, Universidade Estadual de Campinas (IG-Unicamp) Cidade: Campinas Inscrições até: 20/07/2026 O projeto MultiObs está oferecendo 8 oportunidades de bolsas de pós-doutorado. O idioma de trabalho do projeto será o inglês. As responsabilidades incluem conduzir pesquisas dentro das linhas de pesquisa propostas e das bolsas e projetos em andamento associados, além de contribuir para o desenvolvimento...",ver oportunidade (FAPESP),agência/fundação,pós-doutorado,,,,SP,Brasil,não informado,doutorado,não informado,não informado,,,sem prazo identificado,https://fapesp.br/oportunidades/Control/../multi-observatorio-de-dinamica-de-ciencia-tecnologia-e-inovacao-(multiobs)/9440/,,FAPESP Oportunidades,"Bolsas de PD em Ciência Política / Economia da Inovação / Diplomacia da Ciência / Comunicação Científica Instituição: Instituto de Geociências, Universidade Estadual de Campinas (IG-Unicamp) Cidade: Campinas Inscrições até: 20/07/2026 O projeto MultiObs está oferecendo 8 oportunidades de bolsas de pós-doutorado. O idioma de trabalho do projeto será o inglês. As responsabilidades incluem conduzir pesquisas dentro das linhas de pesquisa propostas e das bolsas e projetos em andamento associados, além de contribuir para o desenvolvimento...",alto,
7b9e44af6e5fda98e8bd817887f165fac49a6a6d4371c57d57f55ac5dcaafbaa,2026-07-07 21:04:17,"Bolsa de PD em Química de Materiais Instituição: Laboratório Nacional de Nanotecnologia, Centro Nacional de Pesquisa em Energia e Materiais (LNNano/CNPEM) Cidade: Campinas Inscrições até: 20/07/2026 O bolsista selecionado atuará na síntese, funcionalização e caracterização integrada de Materiais 2D (Óxido Grafeno, MXenes, MoS2, BN, Biotene, entre outros) empregando rotas de exfoliação em fase líquida e modificações químicas para estudos e aplicações ambientais, compósitos, sensores, nanobiotecnologia e toxicologia. O bolsista será responsável...",ver oportunidade (FAPESP),agência/fundação,bolsa,,,,SP,Brasil,não informado,não informado,não informado,não informado,,,sem prazo identificado,https://fapesp.br/oportunidades/Control/../materiais-2d:-sintese-caracterizacao-teoria-e-dispositivos/9537/,,FAPESP Oportunidades,"Bolsa de PD em Química de Materiais Instituição: Laboratório Nacional de Nanotecnologia, Centro Nacional de Pesquisa em Energia e Materiais (LNNano/CNPEM) Cidade: Campinas Inscrições até: 20/07/2026 O bolsista selecionado atuará na síntese, funcionalização e caracterização integrada de Materiais 2D (Óxido Grafeno, MXenes, MoS2, BN, Biotene, entre outros) empregando rotas de exfoliação em fase líquida e modificações químicas para estudos e aplicações ambientais, compósitos, sensores, nanobiotecnologia e toxicologia. O bolsista será responsável...",alto,
9b6194b3b54116e2cdf5bd05d338c7920068cc18ccb908a92753931dfb970748,2026-07-07 21:04:17,"Bolsa de PD em Ciência da Informação / Ciência Política / Economia da Inovação / Diplomacia da Ciência / Comunicação Científica Instituição: Instituto de Geociências, Universidade Estadual de Campinas (IG-Unicamp) Cidade: Campinas Inscrições até: 20/07/2026 O projeto MultiObs está oferecendo 8 (oito) oportunidades de bolsas de Pós-Doutorado. O idioma de trabalho do projeto será o inglês. As responsabilidades incluem conduzir pesquisas dentro das linhas de pesquisa propostas e das bolsas e projetos em andamento associados, além de contribuir para o...",ver oportunidade (FAPESP),agência/fundação,pós-doutorado,,,,SP,Brasil,não informado,doutorado,não informado,não informado,,,sem prazo identificado,https://fapesp.br/oportunidades/Control/../multi-observatorio-de-dinamica-de-ciencia-tecnologia-e-inovacao-(multiobs)/9576/,,FAPESP Oportunidades,"Bolsa de PD em Ciência da Informação / Ciência Política / Economia da Inovação / Diplomacia da Ciência / Comunicação Científica Instituição: Instituto de Geociências, Universidade Estadual de Campinas (IG-Unicamp) Cidade: Campinas Inscrições até: 20/07/2026 O projeto MultiObs está oferecendo 8 (oito) oportunidades de bolsas de Pós-Doutorado. O idioma de trabalho do projeto será o inglês. As responsabilidades incluem conduzir pesquisas dentro das linhas de pesquisa propostas e das bolsas e projetos em andamento associados, além de contribuir para o...",alto,
547cf2d2ba13860a8733b7ef2196a436dfaab14104d15bc3e836a1eb98b6ba60,2026-07-07 21:04:17,"Bolsa de JC-II em Administração Instituição: Faculdade de Economia, Administração, Contabilidade e Atuária, Universidade de São Paulo (FEA-USP) Cidade: São Paulo Inscrições até: 20/07/2026 A bolsa de Jornalismo Científico nível dois (JC-II) visa apoiar atividades de comunicação e divulgação científica relacionadas ao CEPID BRIDGE, um Centro de Pesquisa, Inovação e Difusão da FAPESP, contribuindo para ampliar o impacto e a disseminação do conhecimento produzido pelo centro. A pessoa selecionada desenvolverá...",ver oportunidade (FAPESP),agência/fundação,bolsa,,,,SP,Brasil,não informado,não informado,não informado,não informado,,,sem prazo identificado,https://fapesp.br/oportunidades/Control/../cepid-bridge:-gestao-de-ecossistemas-para-transicoes-sustentaveis/9580/,,FAPESP Oportunidades,"Bolsa de JC-II em Administração Instituição: Faculdade de Economia, Administração, Contabilidade e Atuária, Universidade de São Paulo (FEA-USP) Cidade: São Paulo Inscrições até: 20/07/2026 A bolsa de Jornalismo Científico nível dois (JC-II) visa apoiar atividades de comunicação e divulgação científica relacionadas ao CEPID BRIDGE, um Centro de Pesquisa, Inovação e Difusão da FAPESP, contribuindo para ampliar o impacto e a disseminação do conhecimento produzido pelo centro. A pessoa selecionada desenvolverá...",alto,
0be24b863cf6d70e0686385c46865a536c3961c95589eb7358212466a9cb4734,2026-07-07 21:04:17,"Bolsa de TT-V em Genética Molecular de Leishmania / Bioinformática Instituição: Faculdade de Medicina de Ribeirão Preto, Universidade de São Paulo (FMRP-USP) Cidade: Ribeirão Preto Inscrições até: 20/07/2026 O bolsista de Treinamento Técnico nível cinco (TT-V) atuará na integração de dados de parasitos geneticamente modificados (em sistema de high-throughput [HTP] com barcoding) para diferentes RNA não-codificadores com o objetivo de buscar indícios sobre a função deles. Dentre as tarefas previstas estão: criação e otimização...",ver oportunidade (FAPESP),agência/fundação,bolsa,,,,SP,Brasil,não informado,não informado,não informado,não informado,,,sem prazo identificado,https://fapesp.br/oportunidades/Control/../decifrando-a-funcao-de-rnas-nao-codificadores-de-<i>leishmania<-i>-na-interface-parasita-hospedeiro/9584/,,FAPESP Oportunidades,"Bolsa de TT-V em Genética Molecular de Leishmania / Bioinformática Instituição: Faculdade de Medicina de Ribeirão Preto, Universidade de São Paulo (FMRP-USP) Cidade: Ribeirão Preto Inscrições até: 20/07/2026 O bolsista de Treinamento Técnico nível cinco (TT-V) atuará na integração de dados de parasitos geneticamente modificados (em sistema de high-throughput [HTP] com barcoding) para diferentes RNA não-codificadores com o objetivo de buscar indícios sobre a função deles. Dentre as tarefas previstas estão: criação e otimização...",alto,
e1cafbcc7cea6986afa955387139b374277d548625058c51ba2136069c7a01d1,2026-07-07 21:04:17,"Bolsa de TT-IV em Imunologia Instituição: Universidade Federal do ABC (UFABC) Cidade: Santo André Inscrições até: 20/07/2026 Estamos com oportunidade de Bolsa FAPESP de Treinamento Técnico nível quatro (TT-IV) vinculada ao projeto “Decifrando o Mecanismo Imunológico da Exacerbação da Inflamação Alérgica Pulmonar na Menopausa”. Localização: Universidade Federal do ABC (UFABC), Campus Santo André. O bolsista selecionado desenvolverá técnicas celulares e moleculares no...",ver oportunidade (FAPESP),agência/fundação,bolsa,,,,SP,Brasil,não informado,não informado,não informado,não informado,,,sem prazo identificado,https://fapesp.br/oportunidades/Control/../decifrando-o-mecanismo-imunologico-da-exacerbacao-da-inflamacao-alergica-pulmonar-na-menopausa/9591/,,FAPESP Oportunidades,"Bolsa de TT-IV em Imunologia Instituição: Universidade Federal do ABC (UFABC) Cidade: Santo André Inscrições até: 20/07/2026 Estamos com oportunidade de Bolsa FAPESP de Treinamento Técnico nível quatro (TT-IV) vinculada ao projeto “Decifrando o Mecanismo Imunológico da Exacerbação da Inflamação Alérgica Pulmonar na Menopausa”. Localização: Universidade Federal do ABC (UFABC), Campus Santo André. O bolsista selecionado desenvolverá técnicas celulares e moleculares no...",alto,
1c3bf4594a46532372d91c72ab93343d407400a13de0448001be22e9d90db159,2026-07-07 21:04:17,"Bolsa de Mestrado em Generalização da Memória durante o Desenvolvimento Instituição: Departamento de Neurociências e Ciências do Comportamento – Faculdade de Medicina de Ribeirão Preto, Universidade de São Paulo (FMRP-USP) Cidade: Ribeirão Preto Inscrições até: 20/07/2026 O projeto investigará a transição da generalização infantil para a precisão da memória durante o desenvolvimento do circuito córtex entorrinal-hipocampo. As atividades incluirão o monitoramento da data de nascimento, do tamanho das ninhadas e sexagem dos filhotes. O(A) aluno(a) receberá treinamento em cirurgia estereotáxica para...",ver oportunidade (FAPESP),agência/fundação,bolsa,,,,SP,Brasil,não informado,mestrado,não informado,não informado,,,sem prazo identificado,https://fapesp.br/oportunidades/Control/../mecanismos-neurobiologicos-subjacentes-a-generalizacao-da-memoria-adaptativa-versus-mal-adaptativa/9594/,,FAPESP Oportunidades,"Bolsa de Mestrado em Generalização da Memória durante o Desenvolvimento Instituição: Departamento de Neurociências e Ciências do Comportamento – Faculdade de Medicina de Ribeirão Preto, Universidade de São Paulo (FMRP-USP) Cidade: Ribeirão Preto Inscrições até: 20/07/2026 O projeto investigará a transição da generalização infantil para a precisão da memória durante o desenvolvimento do circuito córtex entorrinal-hipocampo. As atividades incluirão o monitoramento da data de nascimento, do tamanho das ninhadas e sexagem dos filhotes. O(A) aluno(a) receberá treinamento em cirurgia estereotáxica para...",alto,
bcc993de94da00f09b675b412418752bf4e5270f82cee777de17592a0d119605,2026-07-07 21:04:17,"Bolsa de Mestrado em Aversividade da Memória e Sobreposição Neuronal Instituição: Departamento de Neurociências e Ciências do Comportamento – Faculdade de Medicina de Ribeirão Preto, Universidade de São Paulo (FMRP-USP) Cidade: Ribeirão Preto Inscrições até: 20/07/2026 O projeto investigará como a aversividade da experiência modula as janelas temporais em que ocorre a sobreposição neuronal de memórias distintas. As atividades incluirão a realização de experimentos comportamentais (condicionamento aversivo contextual) em camundongos, cirurgias estereotáxicas para injeção de vetores virais, perfusões transcardìacas, histologia, microscopia...",ver oportunidade (FAPESP),agência/fundação,bolsa,,,,SP,Brasil,não informado,mestrado,não informado,não informado,,,sem prazo identificado,https://fapesp.br/oportunidades/Control/../mecanismos-neurobiologicos-subjacentes-a-generalizacao-da-memoria-adaptativa-versus-mal-adaptativa/9595/,,FAPESP Oportunidades,"Bolsa de Mestrado em Aversividade da Memória e Sobreposição Neuronal Instituição: Departamento de Neurociências e Ciências do Comportamento – Faculdade de Medicina de Ribeirão Preto, Universidade de São Paulo (FMRP-USP) Cidade: Ribeirão Preto Inscrições até: 20/07/2026 O projeto investigará como a aversividade da experiência modula as janelas temporais em que ocorre a sobreposição neuronal de memórias distintas. As atividades incluirão a realização de experimentos comportamentais (condicionamento aversivo contextual) em camundongos, cirurgias estereotáxicas para injeção de vetores virais, perfusões transcardìacas, histologia, microscopia...",alto,
b7ede2f5e2016848d4bdc7d4d3154ff4ecd1e53d1ebc097bb96684221c24ea2c,2026-07-07 21:04:17,"Bolsa de Doutorado em Generalização da Memória durante o Desenvolvimento Instituição: Departamento de Neurociências e Ciências do Comportamento – Faculdade de Medicina de Ribeirão Preto, Universidade de São Paulo (FMRP-USP) Cidade: Ribeirão Preto Inscrições até: 20/07/2026 O projeto investigará a transição da generalização infantil para a precisão da memória durante o desenvolvimento do circuito córtex entorrinal-hipocampo. As atividades do bolsista incluirão o monitoramento da data de nascimento, do tamanho das ninhadas, sexagem dos filhotes, condução de experimentos comportamentais, cirurgias estereotáxicas para...",ver oportunidade (FAPESP),agência/fundação,bolsa,,,,SP,Brasil,não informado,doutorado,não informado,não informado,,,sem prazo identificado,https://fapesp.br/oportunidades/Control/../mecanismos-neurobiologicos-subjacentes-a-generalizacao-da-memoria-adaptativa-versus-mal-adaptativa/9596/,,FAPESP Oportunidades,"Bolsa de Doutorado em Generalização da Memória durante o Desenvolvimento Instituição: Departamento de Neurociências e Ciências do Comportamento – Faculdade de Medicina de Ribeirão Preto, Universidade de São Paulo (FMRP-USP) Cidade: Ribeirão Preto Inscrições até: 20/07/2026 O projeto investigará a transição da generalização infantil para a precisão da memória durante o desenvolvimento do circuito córtex entorrinal-hipocampo. As atividades do bolsista incluirão o monitoramento da data de nascimento, do tamanho das ninhadas, sexagem dos filhotes, condução de experimentos comportamentais, cirurgias estereotáxicas para...",alto,
5a9831973a98d66f1e4d92a920394475c00a55885a293ab37f1cea1816a2e7e3,2026-07-07 21:04:17,"Bolsa de Doutorado em Excitabilidade Neuronal e Sobreposição das Memórias Instituição: Departamento de Neurociências e Ciências do Comportamento – Faculdade de Medicina de Ribeirão Preto, Universidade de São Paulo (FMRP-USP) Cidade: Ribeirão Preto Inscrições até: 20/07/2026 O projeto investigará como a aversividade da experiência modula a excitabilidade de neurônios do engrama e a janela temporal em que memórias distintas se tornam sobrepostas. As atividades incluirão a realização de experimentos comportamentais (condicionamento aversivo contextual) em camundongos, cirurgias estereotáxicas para injeção de vetores...",ver oportunidade (FAPESP),agência/fundação,bolsa,,,,SP,Brasil,não informado,doutorado,não informado,não informado,,,sem prazo identificado,https://fapesp.br/oportunidades/Control/../mecanismos-neurobiologicos-subjacentes-a-generalizacao-da-memoria-adaptativa-versus-mal-adaptativa/9597/,,FAPESP Oportunidades,"Bolsa de Doutorado em Excitabilidade Neuronal e Sobreposição das Memórias Instituição: Departamento de Neurociências e Ciências do Comportamento – Faculdade de Medicina de Ribeirão Preto, Universidade de São Paulo (FMRP-USP) Cidade: Ribeirão Preto Inscrições até: 20/07/2026 O projeto investigará como a aversividade da experiência modula a excitabilidade de neurônios do engrama e a janela temporal em que memórias distintas se tornam sobrepostas. As atividades incluirão a realização de experimentos comportamentais (condicionamento aversivo contextual) em camundongos, cirurgias estereotáxicas para injeção de vetores...",alto,
23a2eb778ff4a01165b71e90a8d5ba985f9501b2e4ab1a98f689e266597f132e,2026-07-07 21:04:17,"Bolsa de PD em Ciência/Gestão Ambiental e Planejamento do Território Instituição: Escola de Artes, Ciências e Humanidades, Universidade de São Paulo (EACH-USP) Cidade: São Paulo Inscrições até: 21/07/2026 O(A) bolsista atuará no apoio à coordenação e execução das atividades de campo do Projeto LEVER em Santos (SP), incluindo mapeamento de atores, organização logística de entrevistas e oficinas participativas, gestão e sistematização de dados qualitativos, elaboração de relatórios técnicos e apoio às análises com...",ver oportunidade (FAPESP),agência/fundação,bolsa,,,,SP,Brasil,não informado,não informado,não informado,não informado,,,sem prazo identificado,https://fapesp.br/oportunidades/Control/../aprimorando-a-pluriversalidade-para-uma-abordagem-baseada-em-direitos-humanos-(abdh):-governanca-do-nexo-clima-biodiversidade-poluicao-(lever)/9562/,,FAPESP Oportunidades,"Bolsa de PD em Ciência/Gestão Ambiental e Planejamento do Território Instituição: Escola de Artes, Ciências e Humanidades, Universidade de São Paulo (EACH-USP) Cidade: São Paulo Inscrições até: 21/07/2026 O(A) bolsista atuará no apoio à coordenação e execução das atividades de campo do Projeto LEVER em Santos (SP), incluindo mapeamento de atores, organização logística de entrevistas e oficinas participativas, gestão e sistematização de dados qualitativos, elaboração de relatórios técnicos e apoio às análises com...",alto,
d8e072cf76817469c36fd63e5c6666eeb12762a65b5428ed07add9ce93c6b1eb,2026-07-07 21:04:17,"Bolsa de PD em Saúde Coletiva Instituição: Faculdade de Enfermagem, Universidade Estadual de Campinas (FEnf-Unicamp ) Cidade: Campinas Inscrições até: 22/07/2026 O(A) pesquisador(a) deverá acompanhar o processo das Vivências Ubuntu por meio de abordagem etnográfica, com observação participante, registros em diário de campo, sistematização de dados qualitativos e produção de análises científicas sobre a metodologia. A proposta busca compreender a potência, os limites e as condições...",ver oportunidade (FAPESP),agência/fundação,bolsa,,,,SP,Brasil,não informado,não informado,não informado,não informado,,,sem prazo identificado,https://fapesp.br/oportunidades/Control/../projeto-ubuntu:-os-4-rs-da-educacao-antirracista-para-equidade-em-saude/9598/,,FAPESP Oportunidades,"Bolsa de PD em Saúde Coletiva Instituição: Faculdade de Enfermagem, Universidade Estadual de Campinas (FEnf-Unicamp ) Cidade: Campinas Inscrições até: 22/07/2026 O(A) pesquisador(a) deverá acompanhar o processo das Vivências Ubuntu por meio de abordagem etnográfica, com observação participante, registros em diário de campo, sistematização de dados qualitativos e produção de análises científicas sobre a metodologia. A proposta busca compreender a potência, os limites e as condições...",alto,
ffef6716fcc12cc2d1533ca5780ed4a539e045f5b02871261d52b3ea1fcbe93a,2026-07-07 21:04:17,"Bolsa de PD em Química, Instrumentação Analítica e Engenharia Mecânica/Eletrônica Instituição: Departamento de Química – Faculdade de Filosofia, Ciências e Letras de Ribeirão Preto, Universidade de São Paulo (FFCLRP-USP) Cidade: Ribeirão Preto Inscrições até: 24/07/2026 O bolsista atuará no desenvolvimento de um sistema miniaturizado e portátil de cromatografia líquida capilar (cLC), atuando no projeto, construção e validação de módulos instrumentais, incluindo bombas-seringa, sistema automatizado de injeção, detector UV-Vis baseado em LEDs e forno com programação de temperatura. Também participará do...",ver oportunidade (FAPESP),agência/fundação,bolsa,,,,SP,Brasil,não informado,não informado,não informado,não informado,,,sem prazo identificado,https://fapesp.br/oportunidades/Control/../novas-ferramentas-analiticas-para-o-estudo-da-doenca-de-parkinson:-automacao-do-preparo-de-amostras-biologicas-dispositivos-3d-printed@mip-e-cromatografia-liquida-capilar-portatil/9600/,,FAPESP Oportunidades,"Bolsa de PD em Química, Instrumentação Analítica e Engenharia Mecânica/Eletrônica Instituição: Departamento de Química – Faculdade de Filosofia, Ciências e Letras de Ribeirão Preto, Universidade de São Paulo (FFCLRP-USP) Cidade: Ribeirão Preto Inscrições até: 24/07/2026 O bolsista atuará no desenvolvimento de um sistema miniaturizado e portátil de cromatografia líquida capilar (cLC), atuando no projeto, construção e validação de módulos instrumentais, incluindo bombas-seringa, sistema automatizado de injeção, detector UV-Vis baseado em LEDs e forno com programação de temperatura. Também participará do...",alto,
451ea64a02ce20ca00399c2d90d96fa4bb88b84d714675dbff503f27aaf4de7e,2026-07-07 21:04:17,Concursos em andamento,UFRJ,pública federal,não informado,,,,,Brasil,não informado,não informado,não informado,não informado,,,sem prazo identificado,https://concursos.pr4.ufrj.br/index.php,,Página oficial de concursos (UFRJ),Concursos em andamento,alto,
2db86fda6df14ca48cafb6913b40539f63de85cf6d9307b8d1a5d06f93ff53d6,2026-07-07 21:04:17,Concursos Concluídos,UFRJ,pública federal,não informado,,,,,Brasil,não informado,não informado,não informado,não informado,,,sem prazo identificado,https://concursos.pr4.ufrj.br/index.php/concursos-concluidos,,Página oficial de concursos (UFRJ),Concursos Concluídos,alto,
d96c0b2f38df92ab6c2b7a8d226b93ff0eacc5102a9345c0f14318956c514c66,2026-07-07 21:04:17,Processo Seletivo Interno para auxiliar nos trabalhos relativos à Eleição 2026,UFRJ,pública federal,não informado,,,,,Brasil,não informado,não informado,não informado,não informado,,,sem prazo identificado,https://concursos.pr4.ufrj.br/index.php/processo-seletivo-interno-auxilio-eleicao-2026,,Página oficial de concursos (UFRJ),Processo Seletivo Interno para auxiliar nos trabalhos relativos à Eleição 2026,alto,
4e28a7521a87752611a161d971168a0b8f7e3f04d47ff1ac5f0e5be1553e1ab5,2026-07-07 21:04:17,Pesquisadores e Produção Científica,UFMG,pública federal,pesquisador,,,,,Brasil,não informado,não informado,não informado,não informado,,,sem prazo identificado,https://www.ufmg.br/concursos/#,,Página oficial de concursos (UFMG),Pesquisadores e Produção Científica,alto,
56e1f3ad0309b4baafc40eb87e97aa1a25f3377ebe8e3b2dc56cb56de01851d9,2026-07-07 21:04:17,Pesquisadores e Produção Científica,UFMG,pública federal,pesquisador,,,,,Brasil,não informado,não informado,não informado,não informado,,,sem prazo identificado,https://www.ufmg.br//pesquisa-e-inovacao/pesquisadores-e-producao-cientifica/,,Página oficial de concursos (UFMG),Pesquisadores e Produção Científica,alto,
ba6e3bbab61c23977e4c1fda6870cce59f0ecfd2d2d670696a5fd78a1ee259aa,2026-07-07 21:04:17,Professor Assistente,UFMG,pública federal,docente (outros),,,,,Brasil,não informado,não informado,não informado,não informado,,,sem prazo identificado,https://www2.ufmg.br/concursos/Concursos/Professor-Assistente,,Página oficial de concursos (UFMG),Professor Assistente,alto,
ff540f5fcad55ab99d8e7f649e01ec2053014891fe11e167f07d71942e9e473a,2026-07-07 21:04:17,"Professor Ensino Básico, Técnico e Tecnológico",UFMG,pública federal,docente (outros),,,,,Brasil,não informado,não informado,não informado,não informado,,,sem prazo identificado,https://www2.ufmg.br/concursos/Concursos/Professor-Ensino-Basico-Tecnico-e-Tecnologico,,Página oficial de concursos (UFMG),"Professor Ensino Básico, Técnico e Tecnológico",alto,
77349900cb69bb722c7f7ca4ac9dd476ac01ba90cda207e5a06c661526c5a3f1,2026-07-07 21:04:17,Professor Substituto/Visitante,UFMG,pública federal,professor substituto,,,,,Brasil,não informado,não informado,não informado,não informado,,,sem prazo identificado,https://www2.ufmg.br/concursos/Concursos/Professor-Substituto-Visitante,,Página oficial de concursos (UFMG),Professor Substituto/Visitante,alto,
057c598ad3b028eb6999f8e077ad7fd20b068a86edd390283e619f3b2df42d25,2026-07-07 21:04:17,Professor Temporário,UFMG,pública federal,professor substituto,,,,,Brasil,não informado,não informado,não informado,não informado,,,sem prazo identificado,https://www2.ufmg.br/concursos/Concursos/Professor-Temporario,,Página oficial de concursos (UFMG),Professor Temporário,alto,
e8a8760e75fb1284c24af35b481cdf10a8612c8c4f9dc596e1dab251a4b1e7c9,2026-07-07 21:04:17,Página de Concursos e Processos Seletivos da Pró-reitoria de Recursos Humanos (PRORH),UFMG,pública federal,não informado,,,,,Brasil,não informado,não informado,não informado,não informado,,,sem prazo identificado,https://www.ufmg.br/prorh/publicacoes/,,Página oficial de concursos (UFMG),Página de Concursos e Processos Seletivos da Pró-reitoria de Recursos Humanos (PRORH),alto,
6055b3471e67500ff2664a6162a7053b1315eab900704bdd9eed01cbe5a9da93,2026-07-07 21:04:17,Gerenciamento de Pesquisadores,UNICAMP,pública estadual,pesquisador,,,,,Brasil,não informado,não informado,não informado,não informado,,,sem prazo identificado,https://www.dgrh.unicamp.br/link-sistema-de-gerenciamento-de-pesquisadores,,Página oficial de concursos (UNICAMP),Gerenciamento de Pesquisadores,alto,
e81c1d7aa4224d289d1eaac7ff4e6a782d68eb5dada13707fe8d9d1c7ca3543a,2026-07-07 21:04:17,https://www.uerj.br/wp-content/uploads/2017/10/concursos.png,UERJ,pública estadual,não informado,,,,,Brasil,não informado,não informado,não informado,não informado,,,sem prazo identificado,https://www.uerj.br/wp-content/uploads/2017/10/concursos.png,,Página oficial de concursos (UERJ),https://www.uerj.br/wp-content/uploads/2017/10/concursos.png,alto,
688366088da50bd6536b39554aa1669dee042431e906ca5b9f67942d9cab31c7,2026-07-07 21:04:17,Edital 21/2014 – Professor Titular-Livre,UFRGS,pública federal,docente (outros),,,,,Brasil,não informado,não informado,não informado,não informado,,,sem prazo identificado,https://www.ufrgs.br/progesp/?page_id=10180,,Página oficial de concursos (UFRGS),Edital 21/2014 – Professor Titular-Livre,alto,
37b6612817980f27860b82b819f4f2678b9b7cfff70c00780b83000d917b3781,2026-07-07 21:04:17,Edital 19/2011 – Professor Titular,UFRGS,pública federal,docente (outros),,,,,Brasil,não informado,não informado,não informado,não informado,,,sem prazo identificado,https://www.ufrgs.br/progesp/?page_id=14231,,Página oficial de concursos (UFRGS),Edital 19/2011 – Professor Titular,alto,
b49fb69de65700fcd3d9a077be52661d483eb7a8be85c047c4747c6bee857fed,2026-07-07 21:04:17,Edital 18/2011 – Professor Titular,UFRGS,pública federal,docente (outros),,,,,Brasil,não informado,não informado,não informado,não informado,,,sem prazo identificado,https://www.ufrgs.br/progesp/?page_id=14252,,Página oficial de concursos (UFRGS),Edital 18/2011 – Professor Titular,alto,
04fa1481a788328375b675b207e34c0cb03ee7595b105e4cb3b497753cebd688,2026-07-07 21:04:17,Edital 16/2011 – Professor Titular,UFRGS,pública federal,docente (outros),,,,,Brasil,não informado,não informado,não informado,não informado,,,sem prazo identificado,https://www.ufrgs.br/progesp/?page_id=16325,,Página oficial de concursos (UFRGS),Edital 16/2011 – Professor Titular,alto,
1582d01700ac15e572909032273e466a32f304f84dcfdbf141ae333737dc6a7b,2026-07-07 21:04:17,Edital 14/2011 – Professor Titular,UFRGS,pública federal,docente (outros),,,,,Brasil,não informado,não informado,não informado,não informado,,,sem prazo identificado,https://www.ufrgs.br/progesp/?page_id=16534,,Página oficial de concursos (UFRGS),Edital 14/2011 – Professor Titular,alto,
cf5b56d6e204addee307eca6da31ab610221d62b29edf23c0413e34259e6ae3d,2026-07-07 21:04:17,Edital 11/2011 – Professor Titular,UFRGS,pública federal,docente (outros),,,,,Brasil,não informado,não informado,não informado,não informado,,,sem prazo identificado,https://www.ufrgs.br/progesp/?page_id=16715,,Página oficial de concursos (UFRGS),Edital 11/2011 – Professor Titular,alto,
7a585aebed74e726d4367e4303b1d1ac22ef156cf62dade72862f0e92adadca9,2026-07-07 21:04:17,Edital 08/2011 – Professor Titular,UFRGS,pública federal,docente (outros),,,,,Brasil,não informado,não informado,não informado,não informado,,,sem prazo identificado,https://www.ufrgs.br/progesp/?page_id=16911,,Página oficial de concursos (UFRGS),Edital 08/2011 – Professor Titular,alto,
dcba4b69416abdcc5ed1dc2885f59625efa27cfaf0617f78257425503d6aa694,2026-07-07 21:04:17,Afastamento do País - Docentes,UFRGS,pública federal,docente (outros),,,,,Brasil,não informado,não informado,não informado,não informado,,,sem prazo identificado,https://www.ufrgs.br/progesp/?page_id=1046,,Página oficial de concursos (UFRGS),Afastamento do País - Docentes,alto,
17676c272a5813bf39cd4afcd4aa0c201638bdf497bc579908346fc916026f21,2026-07-07 21:04:17,Afastamento no País - Docentes,UFRGS,pública federal,docente (outros),,,,,Brasil,não informado,não informado,não informado,não informado,,,sem prazo identificado,https://www.ufrgs.br/progesp/?page_id=1213,,Página oficial de concursos (UFRGS),Afastamento no País - Docentes,alto,
6a1641fc3ad64b4803944909f72b483c93bce1c11d551a6c0bd116e9652a7e8e,2026-07-07 21:04:17,Afastamento para Colaboração (Técnico-Administrativo e Docente),UFRGS,pública federal,docente (outros),,,,,Brasil,não informado,não informado,não informado,não informado,,,sem prazo identificado,https://www.ufrgs.br/progesp/?page_id=1122,,Página oficial de concursos (UFRGS),Afastamento para Colaboração (Técnico-Administrativo e Docente),alto,
fd842a2b2e8ac4a9610e78d13aeea83cee525d7fd4eaa3d80c4cae431bf5bc1c,2026-07-07 21:04:17,Alteração de Regime de Trabalho para Docente (CPPD),UFRGS,pública federal,docente (outros),,,,,Brasil,não informado,não informado,não informado,não informado,,,sem prazo identificado,https://www.ufrgs.br/progesp/?page_id=1653,,Página oficial de concursos (UFRGS),Alteração de Regime de Trabalho para Docente (CPPD),alto,
1c6ad931db5a71864f3a836339edc6007afd1c39da580b49798a791b74e1b75f,2026-07-07 21:04:17,Avaliação de Desempenho – Docente (CPPD),UFRGS,pública federal,docente (outros),,,,,Brasil,não informado,não informado,não informado,não informado,,,sem prazo identificado,https://www.ufrgs.br/progesp/?page_id=1247,,Página oficial de concursos (UFRGS),Avaliação de Desempenho – Docente (CPPD),alto,
6f2a9f3e6b9c9d0995c8f4d05bfe5a0b2aa1971756ea93d4683de343481595ac,2026-07-07 21:04:17,Concursos e Processos Seletivos,UFRGS,pública federal,não informado,,,,,Brasil,não informado,não informado,não informado,não informado,,,sem prazo identificado,https://www.ufrgs.br/progesp/?page_id=3318,,Página oficial de concursos (UFRGS),Concursos e Processos Seletivos,alto,
b4e6123609331a93952d85926472850648e773dd36b9f2c376eefc21279faac9,2026-07-07 21:04:17,Estágio Probatório Docente,UFRGS,pública federal,docente (outros),,,,,Brasil,não informado,não informado,não informado,não informado,,,sem prazo identificado,https://www.ufrgs.br/progesp/?page_id=1348,,Página oficial de concursos (UFRGS),Estágio Probatório Docente,alto,
5a16ab9184334331fcb1b684098af0bfafe207b4639aada090da2daa2a1a8971,2026-07-07 21:04:17,Gratificação por Encargo de Curso ou Concurso,UFRGS,pública federal,não informado,,,,,Brasil,não informado,não informado,não informado,não informado,,,sem prazo identificado,https://www.ufrgs.br/progesp/?page_id=35898,,Página oficial de concursos (UFRGS),Gratificação por Encargo de Curso ou Concurso,alto,
aa7da4a8e712d01dd4b613a1bc22e6b479b0a29b083b91c83a9cd4988eacb7cf,2026-07-07 21:04:17,Redistribuição (Técnico-Administrativo ou Docente),UFRGS,pública federal,docente (outros),,,,,Brasil,não informado,não informado,não informado,não informado,,,sem prazo identificado,https://www.ufrgs.br/progesp/?page_id=1479,,Página oficial de concursos (UFRGS),Redistribuição (Técnico-Administrativo ou Docente),alto,
7ddf159ada65f32929665eea3c9bba3911a87f9be0670be0fbbc0965b462d048,2026-07-07 21:04:17,Remoção de Servidores Docentes,UFRGS,pública federal,docente (outros),,,,,Brasil,não informado,não informado,não informado,não informado,,,sem prazo identificado,https://www.ufrgs.br/progesp/?page_id=1485,,Página oficial de concursos (UFRGS),Remoção de Servidores Docentes,alto,
565b6ca420e565eefa5e0bd1c1a06eeba6f04bd833b9f4674a337b9d09680b59,2026-07-07 21:04:17,Retribuição por Titulação Docente,UFRGS,pública federal,docente (outros),,,,,Brasil,não informado,não informado,não informado,não informado,,,sem prazo identificado,https://www.ufrgs.br/progesp/?page_id=1035,,Página oficial de concursos (UFRGS),Retribuição por Titulação Docente,alto,
0da2ca6b807a4cef9ea7584b7887c33c20b45ee9543a3b73b4b0f29c56c27664,2026-07-07 21:04:17,Revisão de Aposentadoria – Docente – Conversão de Tempo Especial,UFRGS,pública federal,docente (outros),,,,,Brasil,não informado,não informado,não informado,não informado,,,sem prazo identificado,https://www.ufrgs.br/progesp/?page_id=842,,Página oficial de concursos (UFRGS),Revisão de Aposentadoria – Docente – Conversão de Tempo Especial,alto,
